date,leads,applications,approvals,disbursals,loan_disbursal_volume,activation_rate,churn_rate,cac,ltv,ltv_cac_ratio,dau,npa_rate,support_ticket_volume,funnel_conversion,week_start,month_label
2024-01-01,161,91,60,51,10348887,0.5895,0.0621,4433,19398,4.38,1289,0.029,52,0.3168,2024-01-01,Jan 2024
2024-01-02,144,97,63,48,10919526,0.6219,0.055,4347,17450,4.01,1110,0.0219,76,0.3333,2024-01-01,Jan 2024
2024-01-03,166,89,63,48,9552774,0.6329,0.0447,4492,17411,3.88,1199,0.0227,75,0.2892,2024-01-01,Jan 2024
2024-01-04,194,131,84,67,19067451,0.6409,0.0629,3982,19548,4.91,1297,0.0237,73,0.3454,2024-01-01,Jan 2024
2024-01-05,141,76,51,41,7821939,0.6255,0.0499,4002,18770,4.69,1004,0.0262,63,0.2908,2024-01-01,Jan 2024
2024-01-06,53,35,23,19,4338331,0.6092,0.0514,3812,18747,4.92,408,0.0246,61,0.3585,2024-01-01,Jan 2024
2024-01-07,74,45,27,22,5222456,0.5954,0.0518,4351,19068,4.38,425,0.0208,85,0.2973,2024-01-01,Jan 2024
2024-01-08,170,115,78,63,14565604,0.6229,0.0636,4469,15074,3.37,1067,0.0228,69,0.3706,2024-01-08,Jan 2024
2024-01-09,136,74,46,36,7745845,0.5882,0.0425,4357,19673,4.52,1374,0.0226,83,0.2647,2024-01-08,Jan 2024
2024-01-10,163,100,72,64,13862354,0.5327,0.0742,4782,19400,4.06,1061,0.0239,65,0.3926,2024-01-08,Jan 2024
2024-01-11,136,91,56,45,9952185,0.6335,0.0617,4194,16156,3.85,1095,0.0252,81,0.3309,2024-01-08,Jan 2024
2024-01-12,136,83,54,44,9510739,0.6476,0.0567,4429,17717,4.0,1182,0.0252,101,0.3235,2024-01-08,Jan 2024
2024-01-13,59,37,22,17,4198599,0.5496,0.055,3813,18141,4.76,390,0.0197,87,0.2881,2024-01-08,Jan 2024
2024-01-14,40,25,18,15,4302452,0.5902,0.057,4059,17966,4.43,423,0.0268,72,0.375,2024-01-08,Jan 2024
2024-01-15,109,65,43,36,7407494,0.6391,0.0585,4437,18918,4.26,1198,0.0248,82,0.3303,2024-01-15,Jan 2024
2024-01-16,135,84,56,44,8212731,0.6823,0.0592,4491,21128,4.7,1124,0.0277,75,0.3259,2024-01-15,Jan 2024
2024-01-17,124,77,46,35,7618857,0.6213,0.0587,4090,20444,5.0,1152,0.0253,78,0.2823,2024-01-15,Jan 2024
2024-01-18,158,105,73,61,18289209,0.5988,0.0559,4168,15671,3.76,1104,0.027,73,0.3861,2024-01-15,Jan 2024
2024-01-19,127,69,43,36,7191863,0.6152,0.0541,3661,19554,5.34,1001,0.0254,75,0.2835,2024-01-15,Jan 2024
2024-01-20,44,25,17,13,3481682,0.662,0.0544,4067,20983,5.16,457,0.0276,82,0.2955,2024-01-15,Jan 2024
2024-01-21,74,49,30,26,6995680,0.6014,0.0542,4503,19114,4.24,528,0.0256,64,0.3514,2024-01-15,Jan 2024
2024-01-22,144,95,59,45,9263705,0.5969,0.0621,4392,20537,4.68,1170,0.024,63,0.3125,2024-01-22,Jan 2024
2024-01-23,152,91,55,44,10364016,0.6064,0.0589,4366,22395,5.13,1195,0.03,60,0.2895,2024-01-22,Jan 2024
2024-01-24,116,72,47,41,10966574,0.5923,0.0377,4208,20433,4.86,1253,0.0265,57,0.3534,2024-01-22,Jan 2024
2024-01-25,136,78,52,42,8829042,0.6246,0.0593,4192,18899,4.51,1031,0.0258,61,0.3088,2024-01-22,Jan 2024
2024-01-26,153,86,52,43,9231695,0.6697,0.0565,3958,20506,5.18,1389,0.0211,80,0.281,2024-01-22,Jan 2024
2024-01-27,46,27,18,14,2872342,0.6307,0.0552,4434,18720,4.22,454,0.0211,64,0.3043,2024-01-22,Jan 2024
2024-01-28,61,35,23,18,3505990,0.6135,0.053,4336,18493,4.26,525,0.0251,86,0.2951,2024-01-22,Jan 2024
2024-01-29,135,83,55,48,9768471,0.6124,0.0621,4361,17758,4.07,1091,0.0247,78,0.3556,2024-01-29,Jan 2024
2024-01-30,143,78,51,41,7787901,0.5743,0.061,4004,21602,5.4,1410,0.0229,52,0.2867,2024-01-29,Jan 2024
2024-01-31,135,91,59,51,11265983,0.6477,0.0507,3434,16854,4.91,1271,0.0248,89,0.3778,2024-01-29,Jan 2024
2024-02-01,226,153,102,80,16046682,0.6189,0.0571,4571,22924,5.02,1335,0.0284,99,0.354,2024-01-29,Feb 2024
2024-02-02,162,103,63,49,11086707,0.6159,0.0488,4019,20875,5.19,1294,0.0262,69,0.3025,2024-01-29,Feb 2024
2024-02-03,51,31,19,14,2555434,0.7171,0.0464,3884,17093,4.4,469,0.0216,90,0.2745,2024-01-29,Feb 2024
2024-02-04,71,41,29,24,5493863,0.6303,0.0509,4429,20643,4.66,542,0.0242,70,0.338,2024-01-29,Feb 2024
2024-02-05,130,85,61,49,11914022,0.5988,0.0598,4048,15724,3.88,1285,0.0225,85,0.3769,2024-02-05,Feb 2024
2024-02-06,169,107,69,60,10391296,0.6086,0.0604,4556,21191,4.65,1042,0.0235,65,0.355,2024-02-05,Feb 2024
2024-02-07,114,64,40,32,7363202,0.6559,0.0577,4401,21727,4.94,1135,0.0235,58,0.2807,2024-02-05,Feb 2024
2024-02-08,128,85,58,51,13000894,0.6249,0.059,4424,18788,4.25,1247,0.0233,77,0.3984,2024-02-05,Feb 2024
2024-02-09,169,110,71,55,10465127,0.5784,0.0578,3706,20236,5.46,1312,0.0214,81,0.3254,2024-02-05,Feb 2024
2024-02-10,71,47,28,24,6453578,0.6492,0.0508,4608,23913,5.19,481,0.0242,77,0.338,2024-02-05,Feb 2024
2024-02-11,64,41,25,21,4858243,0.6016,0.0573,4275,19009,4.45,546,0.0231,66,0.3281,2024-02-05,Feb 2024
2024-02-12,160,100,69,59,11927042,0.6779,0.0595,4053,17919,4.42,1049,0.0172,76,0.3688,2024-02-12,Feb 2024
2024-02-13,155,92,63,54,11800761,0.6541,0.0592,4232,23017,5.44,1294,0.0297,89,0.3484,2024-02-12,Feb 2024
2024-02-14,125,83,50,42,9880282,0.6083,0.0618,3560,23995,6.74,1064,0.0273,83,0.336,2024-02-12,Feb 2024
2024-02-15,144,95,59,49,10878770,0.6602,0.0589,4325,20093,4.65,1379,0.0237,87,0.3403,2024-02-12,Feb 2024
2024-02-16,151,82,51,39,9153026,0.6239,0.0568,3821,22125,5.79,1267,0.0247,73,0.2583,2024-02-12,Feb 2024
2024-02-17,75,40,27,20,3939775,0.6475,0.0611,3707,22801,6.15,507,0.0217,105,0.2667,2024-02-12,Feb 2024
2024-02-18,66,39,23,20,4490337,0.6365,0.0545,3647,18649,5.11,446,0.0289,67,0.303,2024-02-12,Feb 2024
2024-02-19,120,78,47,39,7241208,0.5966,0.0494,4569,19179,4.2,1457,0.0294,93,0.325,2024-02-19,Feb 2024
2024-02-20,174,118,83,71,15412903,0.6027,0.0537,3959,22628,5.72,1424,0.0251,106,0.408,2024-02-19,Feb 2024
2024-02-21,154,86,53,43,8487576,0.6529,0.0502,4716,23552,4.99,1361,0.0272,93,0.2792,2024-02-19,Feb 2024
2024-02-22,146,90,61,47,9466471,0.612,0.0506,3991,21324,5.34,1268,0.0251,80,0.3219,2024-02-19,Feb 2024
2024-02-23,184,109,68,52,13269221,0.61,0.0538,3581,18455,5.15,1363,0.0214,75,0.2826,2024-02-19,Feb 2024
2024-02-24,75,50,30,25,6269554,0.5935,0.0499,3787,24205,6.39,455,0.0237,103,0.3333,2024-02-19,Feb 2024
2024-02-25,74,48,30,24,5680405,0.6349,0.0528,4610,19185,4.16,533,0.0251,63,0.3243,2024-02-19,Feb 2024
2024-02-26,142,93,64,50,9648647,0.6841,0.0433,4123,19593,4.75,1520,0.0236,69,0.3521,2024-02-26,Feb 2024
2024-02-27,156,94,66,54,11437384,0.5903,0.0559,3985,20964,5.26,1436,0.0242,77,0.3462,2024-02-26,Feb 2024
2024-02-28,176,105,74,56,14250552,0.623,0.0547,4232,23404,5.53,1200,0.0245,107,0.3182,2024-02-26,Feb 2024
2024-02-29,198,114,74,61,13650172,0.6647,0.0498,4352,22019,5.06,1340,0.0246,90,0.3081,2024-02-26,Feb 2024
2024-03-01,173,94,64,50,14529990,0.62,0.058,4567,23929,5.24,1291,0.0249,78,0.289,2024-02-26,Mar 2024
2024-03-02,69,45,28,24,5535180,0.636,0.0596,4682,24044,5.14,591,0.0222,89,0.3478,2024-02-26,Mar 2024
2024-03-03,58,37,23,18,4052321,0.5906,0.0444,4049,23223,5.74,585,0.023,84,0.3103,2024-02-26,Mar 2024
2024-03-04,152,103,73,59,12507340,0.6354,0.0494,3710,24271,6.54,1222,0.0216,82,0.3882,2024-03-04,Mar 2024
2024-03-05,219,148,89,67,14978109,0.6169,0.0494,4029,18114,4.5,1312,0.0273,116,0.3059,2024-03-04,Mar 2024
2024-03-06,242,149,91,70,15120797,0.6522,0.0484,4265,22598,5.3,1434,0.0196,71,0.2893,2024-03-04,Mar 2024
2024-03-07,187,121,75,60,14370677,0.6583,0.059,3836,23692,6.18,1433,0.0278,132,0.3209,2024-03-04,Mar 2024
2024-03-08,227,152,91,74,18260525,0.7004,0.0528,3838,20926,5.45,1309,0.0284,113,0.326,2024-03-04,Mar 2024
2024-03-09,77,50,31,25,5004959,0.6401,0.0524,4293,24019,5.59,584,0.0242,118,0.3247,2024-03-04,Mar 2024
2024-03-10,64,36,24,19,3562858,0.6325,0.042,4155,22856,5.5,576,0.0184,85,0.2969,2024-03-04,Mar 2024
2024-03-11,203,122,79,67,11825050,0.6286,0.0578,4183,26794,6.41,1453,0.024,92,0.33,2024-03-11,Mar 2024
2024-03-12,251,140,100,87,20343050,0.6122,0.0466,3906,26447,6.77,1374,0.0248,71,0.3466,2024-03-11,Mar 2024
2024-03-13,189,127,89,76,14646503,0.633,0.0544,4090,22388,5.47,1648,0.0224,85,0.4021,2024-03-11,Mar 2024
2024-03-14,253,158,101,77,13083224,0.6141,0.0557,3847,23036,5.99,1752,0.0237,105,0.3043,2024-03-11,Mar 2024
2024-03-15,119,68,43,35,8067549,0.628,0.0622,4481,23208,5.18,1416,0.0288,125,0.2941,2024-03-11,Mar 2024
2024-03-16,84,53,34,26,7714708,0.6625,0.0461,4532,22471,4.96,531,0.0267,76,0.3095,2024-03-11,Mar 2024
2024-03-17,73,45,30,23,5056315,0.5928,0.0359,3523,23783,6.75,594,0.0227,88,0.3151,2024-03-11,Mar 2024
2024-03-18,181,106,67,59,14353999,0.6573,0.0551,3843,21895,5.7,1437,0.021,91,0.326,2024-03-18,Mar 2024
2024-03-19,194,107,72,56,12441572,0.6626,0.0648,3645,21168,5.81,1470,0.0242,72,0.2887,2024-03-18,Mar 2024
2024-03-20,134,84,54,44,9565808,0.6196,0.0614,3940,24693,6.27,1606,0.0245,107,0.3284,2024-03-18,Mar 2024
2024-03-21,184,112,75,63,15476088,0.5595,0.0553,4138,24725,5.98,1233,0.0263,82,0.3424,2024-03-18,Mar 2024
2024-03-22,204,132,86,73,15510213,0.605,0.0511,3660,21876,5.98,1705,0.0237,91,0.3578,2024-03-18,Mar 2024
2024-03-23,95,58,37,30,6815208,0.6622,0.0588,3844,25294,6.58,572,0.0264,87,0.3158,2024-03-18,Mar 2024
2024-03-24,66,43,31,23,5259154,0.6226,0.0482,3815,22258,5.83,545,0.0299,82,0.3485,2024-03-18,Mar 2024
2024-03-25,166,102,71,56,11370850,0.5934,0.0569,4238,24046,5.67,1484,0.0272,95,0.3373,2024-03-25,Mar 2024
2024-03-26,176,108,66,54,13381877,0.6083,0.057,4190,25199,6.01,1493,0.025,91,0.3068,2024-03-25,Mar 2024
2024-03-27,227,150,106,81,17449766,0.6487,0.0604,3912,23509,6.01,1261,0.0247,88,0.3568,2024-03-25,Mar 2024
2024-03-28,204,121,80,64,12859282,0.6399,0.0706,4227,24504,5.8,1743,0.0243,82,0.3137,2024-03-25,Mar 2024
2024-03-29,175,97,69,52,12200746,0.6164,0.0564,3973,22580,5.68,1508,0.0281,102,0.2971,2024-03-25,Mar 2024
2024-03-30,80,43,30,23,4542830,0.6126,0.0509,4069,23238,5.71,597,0.0236,132,0.2875,2024-03-25,Mar 2024
2024-03-31,74,47,30,24,5297885,0.6118,0.0538,4749,23238,4.89,628,0.0253,98,0.3243,2024-03-25,Mar 2024
2024-04-01,244,152,91,70,15383157,0.596,0.0427,4632,23595,5.09,1441,0.0253,123,0.2869,2024-04-01,Apr 2024
2024-04-02,181,115,73,60,15037157,0.6721,0.0492,3708,24754,6.68,1675,0.024,76,0.3315,2024-04-01,Apr 2024
2024-04-03,193,109,73,62,14439542,0.6141,0.0509,4453,22030,4.95,1556,0.0218,103,0.3212,2024-04-01,Apr 2024
2024-04-04,191,106,72,62,13599097,0.6603,0.0502,4446,24164,5.43,1741,0.0261,81,0.3246,2024-04-01,Apr 2024
2024-04-05,158,85,53,41,9950037,0.6694,0.0542,3760,24596,6.54,1294,0.0251,75,0.2595,2024-04-01,Apr 2024
2024-04-06,82,48,29,22,5718689,0.6538,0.0484,4448,24673,5.55,603,0.0265,87,0.2683,2024-04-01,Apr 2024
2024-04-07,82,51,36,27,6351216,0.6109,0.0601,4699,24722,5.26,573,0.024,128,0.3293,2024-04-01,Apr 2024
2024-04-08,206,122,88,74,16300237,0.636,0.0533,3767,25100,6.66,1676,0.0284,123,0.3592,2024-04-08,Apr 2024
2024-04-09,198,119,79,67,12593043,0.6232,0.0533,3839,26202,6.83,1683,0.0231,105,0.3384,2024-04-08,Apr 2024
2024-04-10,160,106,65,49,9486587,0.5969,0.0514,4516,27012,5.98,1497,0.0296,75,0.3062,2024-04-08,Apr 2024
2024-04-11,191,112,71,62,13149446,0.6338,0.0543,4254,23983,5.64,1498,0.021,96,0.3246,2024-04-08,Apr 2024
2024-04-12,194,118,71,54,11042095,0.5887,0.0583,4352,22895,5.26,1592,0.0264,108,0.2784,2024-04-08,Apr 2024
2024-04-13,68,44,31,25,5377972,0.6598,0.0481,4278,23237,5.43,559,0.0266,105,0.3676,2024-04-08,Apr 2024
2024-04-14,76,45,27,23,5094515,0.6102,0.0494,4295,24366,5.67,666,0.0234,69,0.3026,2024-04-08,Apr 2024
2024-04-15,223,139,93,81,18989468,0.6302,0.0515,3693,24656,6.68,1555,0.0265,85,0.3632,2024-04-15,Apr 2024
2024-04-16,291,192,122,104,22687255,0.6327,0.0453,4524,23839,5.27,1207,0.0286,100,0.3574,2024-04-15,Apr 2024
2024-04-17,214,144,96,82,19124528,0.6165,0.0484,4566,22807,4.99,1556,0.0199,111,0.3832,2024-04-15,Apr 2024
2024-04-18,217,121,82,65,14411067,0.6419,0.0505,4076,24506,6.01,1457,0.0267,65,0.2995,2024-04-15,Apr 2024
2024-04-19,205,137,96,83,14406174,0.6101,0.0586,4141,25801,6.23,1375,0.0192,96,0.4049,2024-04-15,Apr 2024
2024-04-20,56,34,21,16,3144769,0.6505,0.0549,3620,26647,7.36,543,0.0231,103,0.2857,2024-04-15,Apr 2024
2024-04-21,78,44,26,22,4757033,0.5841,0.0545,4335,24362,5.62,622,0.0296,121,0.2821,2024-04-15,Apr 2024
2024-04-22,210,126,77,64,12177524,0.6283,0.0584,4355,24670,5.66,1853,0.024,116,0.3048,2024-04-22,Apr 2024
2024-04-23,325,220,157,136,32153412,0.6827,0.0525,4133,23662,5.73,1675,0.0226,113,0.4185,2024-04-22,Apr 2024
2024-04-24,201,122,87,71,18769669,0.5946,0.0557,4547,25472,5.6,1529,0.025,86,0.3532,2024-04-22,Apr 2024
2024-04-25,220,128,86,72,18334596,0.6043,0.0527,4037,23857,5.91,1702,0.0307,70,0.3273,2024-04-22,Apr 2024
2024-04-26,207,130,88,72,15439439,0.6401,0.0549,4351,26720,6.14,1554,0.021,92,0.3478,2024-04-22,Apr 2024
2024-04-27,64,36,24,20,5261897,0.6301,0.0498,3796,22021,5.8,577,0.0229,123,0.3125,2024-04-22,Apr 2024
2024-04-28,97,53,33,25,5599000,0.6352,0.0387,4144,24893,6.01,551,0.0293,135,0.2577,2024-04-22,Apr 2024
2024-04-29,240,133,95,72,15212052,0.6394,0.0525,4091,26234,6.41,1369,0.0302,118,0.3,2024-04-29,Apr 2024
2024-04-30,241,134,87,68,13898371,0.6438,0.0619,4230,26019,6.15,1569,0.0253,110,0.2822,2024-04-29,Apr 2024
2024-05-01,188,105,68,53,11244372,0.6581,0.0582,4022,32510,8.08,1753,0.0225,114,0.2819,2024-04-29,May 2024
2024-05-02,285,159,106,92,19318817,0.6372,0.0585,4105,27844,6.78,1710,0.0309,97,0.3228,2024-04-29,May 2024
2024-05-03,172,108,65,51,11451810,0.6177,0.0601,4439,25157,5.67,1658,0.0296,105,0.2965,2024-04-29,May 2024
2024-05-04,93,52,32,28,6279847,0.6451,0.0532,3997,26995,6.75,598,0.0274,150,0.3011,2024-04-29,May 2024
2024-05-05,125,73,50,40,8803217,0.682,0.0539,3587,23654,6.59,699,0.0236,88,0.32,2024-04-29,May 2024
2024-05-06,186,123,75,58,13446890,0.6211,0.049,4761,27066,5.68,1518,0.0256,148,0.3118,2024-05-06,May 2024
2024-05-07,201,121,82,70,17765263,0.5958,0.0508,4632,25581,5.52,1873,0.0253,100,0.3483,2024-05-06,May 2024
2024-05-08,227,143,90,76,18737972,0.6583,0.0564,3696,29099,7.87,1569,0.0265,140,0.3348,2024-05-06,May 2024
2024-05-09,203,114,74,61,11229658,0.6215,0.0599,4389,26189,5.97,1610,0.0293,81,0.3005,2024-05-06,May 2024
2024-05-10,169,95,60,49,7934513,0.56,0.0518,3971,27075,6.82,1500,0.0279,121,0.2899,2024-05-06,May 2024
2024-05-11,86,46,29,24,5906447,0.6507,0.05,4239,26058,6.15,628,0.0231,92,0.2791,2024-05-06,May 2024
2024-05-12,70,39,27,21,3921088,0.6092,0.0527,4250,30828,7.25,729,0.0292,81,0.3,2024-05-06,May 2024
2024-05-13,243,140,89,79,16917494,0.6226,0.0563,4064,26728,6.58,1833,0.0266,112,0.3251,2024-05-13,May 2024
2024-05-14,189,106,71,62,11853143,0.6353,0.044,3872,31056,8.02,1922,0.0275,131,0.328,2024-05-13,May 2024
2024-05-15,296,163,107,90,15949768,0.6311,0.0389,3904,29040,7.44,1837,0.0295,91,0.3041,2024-05-13,May 2024
2024-05-16,194,108,74,58,13616615,0.6467,0.0494,3824,28396,7.43,1563,0.023,78,0.299,2024-05-13,May 2024
2024-05-17,211,127,91,77,18555686,0.6124,0.0453,3854,28190,7.31,1690,0.0257,105,0.3649,2024-05-13,May 2024
2024-05-18,98,55,38,29,5953545,0.6409,0.0496,4121,28261,6.86,614,0.0245,105,0.2959,2024-05-13,May 2024
2024-05-19,68,40,25,19,3062973,0.6178,0.0518,3893,23638,6.07,759,0.0219,118,0.2794,2024-05-13,May 2024
2024-05-20,234,142,85,67,13804788,0.6478,0.0499,4382,26956,6.15,1553,0.0267,130,0.2863,2024-05-20,May 2024
2024-05-21,285,181,114,93,21444929,0.6441,0.0614,4664,29225,6.27,1916,0.0322,107,0.3263,2024-05-20,May 2024
2024-05-22,168,91,61,53,9763928,0.5976,0.0546,3940,27457,6.97,1917,0.0213,153,0.3155,2024-05-20,May 2024
2024-05-23,233,151,91,77,17316864,0.6583,0.0545,4226,24765,5.86,2107,0.0258,112,0.3305,2024-05-20,May 2024
2024-05-24,236,148,98,83,18226483,0.6097,0.0564,4317,27491,6.37,1685,0.0275,100,0.3517,2024-05-20,May 2024
2024-05-25,98,54,36,29,6839284,0.65,0.0458,4307,31025,7.2,717,0.0262,77,0.2959,2024-05-20,May 2024
2024-05-26,68,45,28,22,4909952,0.6369,0.0589,4168,30131,7.23,839,0.0257,101,0.3235,2024-05-20,May 2024
2024-05-27,178,119,83,67,13115524,0.681,0.0522,4401,27534,6.26,1654,0.0227,99,0.3764,2024-05-27,May 2024
2024-05-28,248,136,83,73,18539809,0.6192,0.0567,4309,29581,6.86,1510,0.0266,130,0.2944,2024-05-27,May 2024
2024-05-29,239,138,84,64,13814680,0.6155,0.0462,3707,26966,7.27,1460,0.0241,117,0.2678,2024-05-27,May 2024
2024-05-30,237,154,106,92,20173791,0.6254,0.0433,4444,24312,5.47,1894,0.0205,83,0.3882,2024-05-27,May 2024
2024-05-31,241,155,102,85,16718758,0.6169,0.0576,4450,25891,5.82,1462,0.029,111,0.3527,2024-05-27,May 2024
2024-06-01,80,45,31,25,5215078,0.6501,0.0543,3872,32374,8.36,681,0.0284,130,0.3125,2024-05-27,Jun 2024
2024-06-02,94,53,34,29,5737317,0.5776,0.0466,4152,28721,6.92,739,0.0262,153,0.3085,2024-05-27,Jun 2024
2024-06-03,252,149,94,77,16592058,0.5945,0.0468,4377,28804,6.58,1898,0.0266,135,0.3056,2024-06-03,Jun 2024
2024-06-04,210,127,89,77,20802698,0.5942,0.0588,4064,28713,7.07,1946,0.0288,132,0.3667,2024-06-03,Jun 2024
2024-06-05,335,209,147,128,23885567,0.6547,0.0449,4513,33143,7.34,1908,0.0266,114,0.3821,2024-06-03,Jun 2024
2024-06-06,261,154,106,86,15589415,0.6776,0.0619,4964,32608,6.57,2122,0.0284,122,0.3295,2024-06-03,Jun 2024
2024-06-07,193,116,73,58,15223734,0.6232,0.0466,3861,33815,8.76,1699,0.0254,145,0.3005,2024-06-03,Jun 2024
2024-06-08,102,65,43,35,7508993,0.6213,0.0558,3653,29081,7.96,664,0.0294,87,0.3431,2024-06-03,Jun 2024
2024-06-09,76,41,26,22,4466593,0.6285,0.05,4242,30012,7.07,658,0.0269,105,0.2895,2024-06-03,Jun 2024
2024-06-10,277,159,97,76,18942236,0.6613,0.0556,4388,26409,6.02,2035,0.0266,97,0.2744,2024-06-10,Jun 2024
2024-06-11,296,189,135,113,23117414,0.5987,0.0487,4054,32418,8.0,2051,0.023,121,0.3818,2024-06-10,Jun 2024
2024-06-12,208,138,85,71,19446620,0.6337,0.051,4643,27150,5.85,1963,0.0269,144,0.3413,2024-06-10,Jun 2024
2024-06-13,287,175,126,107,25535054,0.6558,0.0522,3665,29941,8.17,2113,0.0241,99,0.3728,2024-06-10,Jun 2024
2024-06-14,260,159,104,80,16599117,0.6416,0.046,4376,27334,6.25,1670,0.0246,69,0.3077,2024-06-10,Jun 2024
2024-06-15,106,58,36,30,8550131,0.6323,0.0564,3921,28373,7.24,844,0.0242,103,0.283,2024-06-10,Jun 2024
2024-06-16,129,77,51,44,9001363,0.6567,0.0489,4734,27898,5.89,832,0.0236,135,0.3411,2024-06-10,Jun 2024
2024-06-17,231,141,100,78,18758229,0.5456,0.0506,4830,28378,5.88,2027,0.0316,127,0.3377,2024-06-17,Jun 2024
2024-06-18,211,121,84,66,15050965,0.6471,0.046,3864,28537,7.39,2252,0.0296,124,0.3128,2024-06-17,Jun 2024
2024-06-19,206,119,83,73,18775271,0.6072,0.0366,3939,28541,7.25,1598,0.0311,108,0.3544,2024-06-17,Jun 2024
2024-06-20,209,123,84,65,17247045,0.5719,0.0509,4432,31325,7.07,1790,0.0232,86,0.311,2024-06-17,Jun 2024
2024-06-21,239,129,89,77,17005183,0.6422,0.0665,3995,27471,6.88,1754,0.0265,125,0.3222,2024-06-17,Jun 2024
2024-06-22,98,57,40,32,6431437,0.6681,0.0567,4114,30143,7.33,771,0.0231,95,0.3265,2024-06-17,Jun 2024
2024-06-23,97,55,34,26,6044600,0.6228,0.0519,4139,32160,7.77,647,0.0246,174,0.268,2024-06-17,Jun 2024
2024-06-24,282,165,109,95,19267568,0.6556,0.0504,3458,28719,8.31,2041,0.024,126,0.3369,2024-06-24,Jun 2024
2024-06-25,244,135,84,68,19048463,0.6754,0.0521,4124,28331,6.87,2172,0.0294,101,0.2787,2024-06-24,Jun 2024
2024-06-26,316,210,152,125,27954277,0.6665,0.0553,3887,29328,7.55,2032,0.0254,99,0.3956,2024-06-24,Jun 2024
2024-06-27,232,144,104,83,17476800,0.6763,0.0449,3956,32170,8.13,1951,0.029,111,0.3578,2024-06-24,Jun 2024
2024-06-28,398,252,152,127,28566108,0.6494,0.0587,4633,30220,6.52,1719,0.0279,108,0.3191,2024-06-24,Jun 2024
2024-06-29,103,66,45,35,6550655,0.6295,0.0563,3688,28791,7.81,663,0.0322,143,0.3398,2024-06-24,Jun 2024
2024-06-30,79,48,34,27,5286283,0.5792,0.0563,4412,30843,6.99,818,0.0227,116,0.3418,2024-06-24,Jun 2024
2024-07-01,188,103,64,56,14228878,0.6199,0.0553,4029,25665,6.37,1917,0.0386,93,0.2979,2024-07-01,Jul 2024
2024-07-02,248,152,102,80,16265911,0.602,0.0528,4028,29253,7.26,1767,0.0383,158,0.3226,2024-07-01,Jul 2024
2024-07-03,219,136,97,82,15910228,0.6925,0.0567,4403,28727,6.52,1703,0.033,108,0.3744,2024-07-01,Jul 2024
2024-07-04,259,166,100,80,18770701,0.6221,0.0562,4245,27315,6.43,1451,0.038,126,0.3089,2024-07-01,Jul 2024
2024-07-05,249,149,102,87,22066594,0.6311,0.0505,4325,26273,6.07,1598,0.0363,95,0.3494,2024-07-01,Jul 2024
2024-07-06,85,47,30,23,5515933,0.644,0.0492,4464,26197,5.87,818,0.0349,115,0.2706,2024-07-01,Jul 2024
2024-07-07,74,42,30,26,6446223,0.6288,0.0533,4008,29060,7.25,595,0.0334,114,0.3514,2024-07-01,Jul 2024
2024-07-08,174,102,74,60,12054058,0.6784,0.062,3910,30469,7.79,1816,0.0337,73,0.3448,2024-07-08,Jul 2024
2024-07-09,211,133,96,75,13911879,0.6089,0.0452,3744,26757,7.15,1972,0.0407,163,0.3555,2024-07-08,Jul 2024
2024-07-10,267,165,109,83,21864687,0.6335,0.0439,3834,28968,7.56,1574,0.0355,139,0.3109,2024-07-08,Jul 2024
2024-07-11,238,140,99,77,16296593,0.6054,0.0537,5155,23897,4.64,1819,0.0375,100,0.3235,2024-07-08,Jul 2024
2024-07-12,183,124,88,72,15370320,0.5881,0.053,4558,26922,5.91,1963,0.0336,86,0.3934,2024-07-08,Jul 2024
2024-07-13,90,56,35,28,7224370,0.6094,0.0537,3649,28050,7.69,680,0.0336,115,0.3111,2024-07-08,Jul 2024
2024-07-14,93,53,37,32,7525940,0.6267,0.0541,3659,26313,7.19,906,0.0383,110,0.3441,2024-07-08,Jul 2024
2024-07-15,196,108,65,53,12315648,0.615,0.0513,4290,26279,6.13,1516,0.0322,114,0.2704,2024-07-15,Jul 2024
2024-07-16,236,132,89,70,19968734,0.6071,0.0616,4312,26837,6.22,1993,0.0346,111,0.2966,2024-07-15,Jul 2024
2024-07-17,233,133,83,69,14051885,0.5857,0.0431,4312,28777,6.67,1763,0.0357,119,0.2961,2024-07-15,Jul 2024
2024-07-18,187,105,64,54,13279176,0.6255,0.0477,4031,27838,6.91,1939,0.0359,144,0.2888,2024-07-15,Jul 2024
2024-07-19,246,139,84,65,14398169,0.5829,0.052,4076,23756,5.83,1877,0.0352,120,0.2642,2024-07-15,Jul 2024
2024-07-20,97,56,38,29,6588984,0.6508,0.0428,4234,24012,5.67,634,0.0367,87,0.299,2024-07-15,Jul 2024
2024-07-21,106,59,38,29,7664385,0.6306,0.0516,4149,27059,6.52,699,0.0374,142,0.2736,2024-07-15,Jul 2024
2024-07-22,279,185,128,109,25486794,0.5844,0.0626,3342,29209,8.74,1495,0.0375,150,0.3907,2024-07-22,Jul 2024
2024-07-23,180,99,60,50,11734002,0.6189,0.0528,4037,22818,5.65,1913,0.0333,201,0.2778,2024-07-22,Jul 2024
2024-07-24,195,119,76,62,15513452,0.6056,0.0541,3820,27334,7.16,1857,0.035,85,0.3179,2024-07-22,Jul 2024
2024-07-25,254,151,101,87,18319866,0.6378,0.0451,4178,27301,6.53,1923,0.0387,113,0.3425,2024-07-22,Jul 2024
2024-07-26,254,172,120,103,20489162,0.6685,0.049,5162,31151,6.03,2007,0.038,71,0.4055,2024-07-22,Jul 2024
2024-07-27,96,53,33,27,5240055,0.5721,0.0504,4245,27624,6.51,712,0.0323,119,0.2812,2024-07-22,Jul 2024
2024-07-28,176,104,70,61,10599251,0.6318,0.0508,4006,29180,7.28,697,0.0367,96,0.3466,2024-07-22,Jul 2024
2024-07-29,257,173,123,96,27030485,0.6236,0.0604,4438,28717,6.47,1656,0.0309,156,0.3735,2024-07-29,Jul 2024
2024-07-30,285,188,127,98,18886639,0.6486,0.056,4284,24194,5.65,1686,0.0359,92,0.3439,2024-07-29,Jul 2024
2024-07-31,276,180,113,89,19066983,0.6349,0.046,4262,30011,7.04,2040,0.0406,77,0.3225,2024-07-29,Jul 2024
2024-08-01,250,144,86,65,13832791,0.606,0.0548,4327,27631,6.39,1998,0.0335,93,0.26,2024-07-29,Aug 2024
2024-08-02,210,118,84,69,15750428,0.619,0.0563,4834,28236,5.84,1691,0.0338,69,0.3286,2024-07-29,Aug 2024
2024-08-03,97,61,36,31,7521367,0.6047,0.0602,3718,35091,9.44,661,0.0378,120,0.3196,2024-07-29,Aug 2024
2024-08-04,73,48,34,26,6342199,0.6609,0.0628,4279,23089,5.4,602,0.032,67,0.3562,2024-07-29,Aug 2024
2024-08-05,213,131,87,67,13743906,0.6293,0.0472,3788,30726,8.11,1951,0.0343,103,0.3146,2024-08-05,Aug 2024
2024-08-06,204,126,90,73,15741131,0.6858,0.0485,4307,26721,6.2,1856,0.0374,68,0.3578,2024-08-05,Aug 2024
2024-08-07,226,130,91,80,18207042,0.6269,0.0458,3790,27890,7.36,2110,0.0343,96,0.354,2024-08-05,Aug 2024
2024-08-08,339,219,159,127,27118507,0.6075,0.0519,3965,27243,6.87,1593,0.0353,142,0.3746,2024-08-05,Aug 2024
2024-08-09,159,90,58,47,12539721,0.5834,0.0561,4008,26505,6.61,1676,0.0378,111,0.2956,2024-08-05,Aug 2024
2024-08-10,96,56,39,29,6767184,0.5748,0.0593,4452,26233,5.89,677,0.037,86,0.3021,2024-08-05,Aug 2024
2024-08-11,63,37,24,18,4325074,0.5814,0.0529,4432,28051,6.33,706,0.0366,102,0.2857,2024-08-05,Aug 2024
2024-08-12,206,125,82,72,17151474,0.637,0.0514,3674,24377,6.64,1707,0.0351,103,0.3495,2024-08-12,Aug 2024
2024-08-13,273,156,106,93,23553834,0.6443,0.0542,4129,28932,7.01,1599,0.0369,113,0.3407,2024-08-12,Aug 2024
2024-08-14,227,126,89,67,15063693,0.5816,0.0483,3861,26618,6.89,1907,0.0357,78,0.2952,2024-08-12,Aug 2024
2024-08-15,185,115,83,73,13745505,0.6559,0.0659,3668,25209,6.87,1878,0.0372,116,0.3946,2024-08-12,Aug 2024
2024-08-16,197,114,79,66,15233387,0.6146,0.0437,4032,26588,6.59,1596,0.0348,59,0.335,2024-08-12,Aug 2024
2024-08-17,96,59,38,33,6714148,0.6336,0.0544,4000,30022,7.51,761,0.0356,90,0.3438,2024-08-12,Aug 2024
2024-08-18,75,42,27,22,4542514,0.6776,0.0655,4957,26456,5.34,748,0.0336,92,0.2933,2024-08-12,Aug 2024
2024-08-19,234,142,98,81,19119047,0.6561,0.0534,4259,28263,6.64,1776,0.036,116,0.3462,2024-08-19,Aug 2024
2024-08-20,227,139,87,71,18122352,0.6212,0.0522,3625,26104,7.2,1768,0.0341,103,0.3128,2024-08-19,Aug 2024
2024-08-21,200,109,66,55,12130925,0.6026,0.0512,3909,29101,7.44,1855,0.0333,77,0.275,2024-08-19,Aug 2024
2024-08-22,332,194,125,97,22145696,0.5648,0.0523,4463,28975,6.49,1611,0.0368,84,0.2922,2024-08-19,Aug 2024
2024-08-23,253,141,89,67,18080439,0.6078,0.0616,4836,31320,6.48,1763,0.0367,107,0.2648,2024-08-19,Aug 2024
2024-08-24,59,32,20,16,3623177,0.6231,0.0401,3550,27291,7.69,539,0.0381,101,0.2712,2024-08-19,Aug 2024
2024-08-25,88,59,37,31,9319057,0.5999,0.0625,3447,28999,8.41,730,0.0351,91,0.3523,2024-08-19,Aug 2024
2024-08-26,201,117,70,55,12949622,0.6256,0.0448,4759,27877,5.86,1506,0.0372,93,0.2736,2024-08-26,Aug 2024
2024-08-27,264,172,103,87,15494557,0.6319,0.0517,4240,30292,7.14,2048,0.0376,118,0.3295,2024-08-26,Aug 2024
2024-08-28,196,112,81,71,17097857,0.6229,0.0508,3800,26282,6.92,1706,0.0373,93,0.3622,2024-08-26,Aug 2024
2024-08-29,222,141,92,71,16351034,0.6101,0.0569,4290,29229,6.81,1728,0.0341,100,0.3198,2024-08-26,Aug 2024
2024-08-30,248,160,103,87,22343841,0.6347,0.0437,3180,27369,8.61,1658,0.0366,159,0.3508,2024-08-26,Aug 2024
2024-08-31,100,62,42,34,8109324,0.643,0.0561,4103,27649,6.74,652,0.0372,77,0.34,2024-08-26,Aug 2024
2024-09-01,66,39,24,20,4327499,0.597,0.0661,4217,26656,6.32,737,0.0363,67,0.303,2024-08-26,Sep 2024
2024-09-02,204,121,87,68,12915965,0.6721,0.0458,4425,26996,6.1,1314,0.0311,113,0.3333,2024-09-02,Sep 2024
2024-09-03,199,117,82,69,14803978,0.6269,0.0551,3746,26277,7.01,1916,0.0367,85,0.3467,2024-09-02,Sep 2024
2024-09-04,192,128,78,67,13309824,0.6304,0.05,4131,26957,6.53,1746,0.0418,93,0.349,2024-09-02,Sep 2024
2024-09-05,298,195,127,112,22981931,0.6512,0.0566,3776,29702,7.87,1497,0.0354,83,0.3758,2024-09-02,Sep 2024
2024-09-06,233,157,112,95,22429533,0.637,0.0541,4189,28535,6.81,1518,0.0345,92,0.4077,2024-09-02,Sep 2024
2024-09-07,65,36,26,21,5645073,0.6586,0.0502,3786,28321,7.48,760,0.0373,135,0.3231,2024-09-02,Sep 2024
2024-09-08,97,62,40,33,7612110,0.6387,0.0569,3956,25690,6.49,585,0.0371,115,0.3402,2024-09-02,Sep 2024
2024-09-09,319,214,145,126,24014269,0.6117,0.0648,3750,24841,6.62,1509,0.0393,117,0.395,2024-09-09,Sep 2024
2024-09-10,262,148,92,76,17636276,0.641,0.0529,4326,28548,6.6,1899,0.0332,73,0.2901,2024-09-09,Sep 2024
2024-09-11,165,90,65,49,12444619,0.5958,0.0583,4398,28408,6.46,1754,0.0382,78,0.297,2024-09-09,Sep 2024
2024-09-12,200,128,80,70,14313362,0.6335,0.0462,4015,29620,7.38,1545,0.0379,55,0.35,2024-09-09,Sep 2024
2024-09-13,274,169,122,103,22298495,0.6292,0.0483,4110,25485,6.2,1735,0.0361,83,0.3759,2024-09-09,Sep 2024
2024-09-14,73,48,32,27,5950478,0.624,0.0568,3590,26252,7.31,582,0.0373,119,0.3699,2024-09-09,Sep 2024
2024-09-15,90,50,33,26,5205839,0.6265,0.0629,3991,23451,5.88,721,0.039,109,0.2889,2024-09-09,Sep 2024
2024-09-16,251,163,108,91,21639609,0.5739,0.0561,4078,25963,6.37,1892,0.0386,94,0.3625,2024-09-16,Sep 2024
2024-09-17,185,105,66,53,11491991,0.6139,0.0521,5013,28759,5.74,1796,0.0336,97,0.2865,2024-09-16,Sep 2024
2024-09-18,216,121,75,63,14575628,0.6332,0.054,3706,25852,6.98,1767,0.0385,85,0.2917,2024-09-16,Sep 2024
2024-09-19,122,68,42,32,6328790,0.6353,0.0465,4607,28084,6.1,2034,0.0363,102,0.2623,2024-09-16,Sep 2024
2024-09-20,182,119,74,62,12942437,0.5997,0.0576,4443,26440,5.95,1706,0.0367,114,0.3407,2024-09-16,Sep 2024
2024-09-21,79,50,35,31,7437577,0.6685,0.0593,4192,27488,6.56,576,0.0367,71,0.3924,2024-09-16,Sep 2024
2024-09-22,66,40,25,19,3997108,0.6046,0.0513,4709,24562,5.22,679,0.0362,104,0.2879,2024-09-16,Sep 2024
2024-09-23,295,174,105,93,25171374,0.6597,0.0512,4223,27047,6.4,2107,0.0395,119,0.3153,2024-09-23,Sep 2024
2024-09-24,170,112,81,65,13630408,0.6435,0.0556,4229,20912,4.94,1546,0.0364,90,0.3824,2024-09-23,Sep 2024
2024-09-25,203,120,85,74,16724915,0.6113,0.0514,4074,26539,6.51,1651,0.0338,112,0.3645,2024-09-23,Sep 2024
2024-09-26,225,147,105,90,22144581,0.684,0.0536,4520,23670,5.24,1786,0.0356,172,0.4,2024-09-23,Sep 2024
2024-09-27,285,171,124,103,19113547,0.595,0.0666,4475,29361,6.56,1705,0.037,96,0.3614,2024-09-23,Sep 2024
2024-09-28,64,37,23,19,3383850,0.6584,0.0525,3872,28523,7.37,591,0.0397,107,0.2969,2024-09-23,Sep 2024
2024-09-29,103,62,40,34,6228615,0.6609,0.0518,3629,27920,7.69,730,0.0381,85,0.3301,2024-09-23,Sep 2024
2024-09-30,221,128,89,72,18431266,0.6108,0.0501,4019,30047,7.48,2167,0.0345,101,0.3258,2024-09-30,Sep 2024
2024-10-01,177,114,78,62,12765978,0.6727,0.0591,3810,24044,6.31,1683,0.0379,103,0.3503,2024-09-30,Oct 2024
2024-10-02,230,140,86,72,21531614,0.6235,0.0536,4067,29454,7.24,1509,0.0323,97,0.313,2024-09-30,Oct 2024
2024-10-03,220,125,88,76,15625370,0.6397,0.0508,4522,27841,6.16,1415,0.0349,76,0.3455,2024-09-30,Oct 2024
2024-10-04,190,126,79,67,15070075,0.6389,0.0626,3929,25522,6.5,1697,0.0313,97,0.3526,2024-09-30,Oct 2024
2024-10-05,81,48,30,25,6618053,0.6271,0.0632,4073,28284,6.94,702,0.033,125,0.3086,2024-09-30,Oct 2024
2024-10-06,75,46,30,24,6717104,0.6555,0.0511,4108,23817,5.8,660,0.0338,102,0.32,2024-09-30,Oct 2024
2024-10-07,217,144,97,84,23666711,0.655,0.0435,4384,24398,5.57,1657,0.0348,113,0.3871,2024-10-07,Oct 2024
2024-10-08,240,150,101,78,19837717,0.5788,0.0607,3301,24848,7.53,1563,0.0344,89,0.325,2024-10-07,Oct 2024
2024-10-09,283,157,96,79,19652560,0.6704,0.0506,3874,25025,6.46,1488,0.0339,108,0.2792,2024-10-07,Oct 2024
2024-10-10,170,114,81,61,14408947,0.5814,0.0594,4160,23987,5.77,1805,0.031,98,0.3588,2024-10-07,Oct 2024
2024-10-11,313,196,124,99,23912359,0.6623,0.0428,4506,28564,6.34,1821,0.0304,76,0.3163,2024-10-07,Oct 2024
2024-10-12,57,33,20,16,3294711,0.6652,0.06,3913,25618,6.55,541,0.0326,99,0.2807,2024-10-07,Oct 2024
2024-10-13,79,44,31,25,4985652,0.5987,0.0474,3428,26858,7.83,741,0.0341,76,0.3165,2024-10-07,Oct 2024
2024-10-14,238,154,111,94,20671627,0.6192,0.0591,4302,25030,5.82,1763,0.0313,82,0.395,2024-10-14,Oct 2024
2024-10-15,225,141,100,81,17459768,0.5983,0.0548,3862,22547,5.84,1916,0.0345,97,0.36,2024-10-14,Oct 2024
2024-10-16,191,117,82,67,13959740,0.6251,0.0489,3668,26746,7.29,1458,0.0355,99,0.3508,2024-10-14,Oct 2024
2024-10-17,206,137,93,73,17459749,0.6224,0.0522,3865,22399,5.8,1455,0.0296,73,0.3544,2024-10-14,Oct 2024
2024-10-18,196,127,85,68,16777129,0.655,0.0588,4019,26104,6.5,1645,0.0298,114,0.3469,2024-10-14,Oct 2024
2024-10-19,73,40,24,18,4002234,0.671,0.0553,3871,23522,6.08,667,0.0315,104,0.2466,2024-10-14,Oct 2024
2024-10-20,95,55,35,26,6829643,0.6736,0.0582,3310,30251,9.14,760,0.0327,81,0.2737,2024-10-14,Oct 2024
2024-10-21,229,131,84,70,13428305,0.6149,0.0665,4396,28117,6.4,1795,0.0306,68,0.3057,2024-10-21,Oct 2024
2024-10-22,190,122,77,65,13971512,0.6255,0.0453,4528,26523,5.86,1634,0.0353,91,0.3421,2024-10-21,Oct 2024
2024-10-23,253,137,95,79,15947489,0.5813,0.0644,4309,28857,6.7,1512,0.033,85,0.3123,2024-10-21,Oct 2024
2024-10-24,227,140,93,76,13364757,0.6077,0.0553,3683,24654,6.69,1896,0.0321,95,0.3348,2024-10-21,Oct 2024
2024-10-25,249,161,98,79,17208413,0.6609,0.0493,4010,27451,6.85,1523,0.0284,86,0.3173,2024-10-21,Oct 2024
2024-10-26,91,60,37,32,6937895,0.6804,0.0467,4078,26782,6.57,750,0.0287,61,0.3516,2024-10-21,Oct 2024
2024-10-27,70,41,28,23,6067705,0.595,0.0535,4289,26928,6.28,620,0.0327,86,0.3286,2024-10-21,Oct 2024
2024-10-28,195,127,77,63,14949896,0.6143,0.0602,4313,28962,6.72,1970,0.0267,86,0.3231,2024-10-28,Oct 2024
2024-10-29,247,137,97,74,14397217,0.6313,0.0539,3822,27900,7.3,1800,0.0346,106,0.2996,2024-10-28,Oct 2024
2024-10-30,241,158,104,83,22810112,0.6405,0.0637,4107,27030,6.58,1660,0.0316,81,0.3444,2024-10-28,Oct 2024
2024-10-31,215,119,78,63,16047146,0.6079,0.046,4238,23160,5.46,1599,0.0402,133,0.293,2024-10-28,Oct 2024
2024-11-01,235,139,94,76,17929678,0.6449,0.0553,4587,26223,5.72,1730,0.0378,68,0.3234,2024-10-28,Nov 2024
2024-11-02,110,71,50,41,8778154,0.618,0.0478,4324,27916,6.46,710,0.0316,128,0.3727,2024-10-28,Nov 2024
2024-11-03,78,43,27,22,4313639,0.6318,0.0575,4353,28367,6.52,686,0.0318,94,0.2821,2024-10-28,Nov 2024
2024-11-04,254,145,99,83,17462366,0.6487,0.0607,4106,25939,6.32,1691,0.0346,118,0.3268,2024-11-04,Nov 2024
2024-11-05,222,142,95,81,20307113,0.6326,0.0528,4570,33041,7.23,1766,0.0364,101,0.3649,2024-11-04,Nov 2024
2024-11-06,222,142,90,77,21238764,0.6193,0.0397,4219,31269,7.41,1811,0.028,123,0.3468,2024-11-04,Nov 2024
2024-11-07,281,176,125,106,28064363,0.6292,0.0565,3774,29459,7.81,1453,0.0277,90,0.3772,2024-11-04,Nov 2024
2024-11-08,268,170,119,105,21783889,0.6298,0.058,4566,28418,6.22,1883,0.0306,79,0.3918,2024-11-04,Nov 2024
2024-11-09,101,62,42,32,6154934,0.6214,0.0578,4319,27868,6.45,620,0.0336,132,0.3168,2024-11-04,Nov 2024
2024-11-10,111,63,44,34,7607534,0.6248,0.0627,3919,26407,6.74,610,0.0334,97,0.3063,2024-11-04,Nov 2024
2024-11-11,232,136,96,73,12989209,0.6806,0.0489,3906,28485,7.29,1522,0.0349,104,0.3147,2024-11-11,Nov 2024
2024-11-12,262,148,102,86,19668132,0.6495,0.0594,4177,28864,6.91,1507,0.0292,126,0.3282,2024-11-11,Nov 2024
2024-11-13,219,146,103,90,19452383,0.6238,0.0625,4235,25884,6.11,1576,0.0264,79,0.411,2024-11-11,Nov 2024
2024-11-14,246,152,104,82,17058815,0.6536,0.0447,4141,29054,7.02,1682,0.0344,112,0.3333,2024-11-11,Nov 2024
2024-11-15,227,135,92,81,14716319,0.6227,0.0573,4181,28094,6.72,2197,0.0302,87,0.3568,2024-11-11,Nov 2024
2024-11-16,89,53,36,27,6317611,0.668,0.0523,4666,24608,5.27,652,0.0272,95,0.3034,2024-11-11,Nov 2024
2024-11-17,98,65,45,39,8048693,0.6439,0.0548,4446,26721,6.01,700,0.0326,100,0.398,2024-11-11,Nov 2024
2024-11-18,200,112,69,55,10515132,0.6297,0.0574,4137,27634,6.68,1885,0.0343,73,0.275,2024-11-18,Nov 2024
2024-11-19,339,210,150,115,17923862,0.6464,0.0524,4400,32255,7.33,1836,0.032,84,0.3392,2024-11-18,Nov 2024
2024-11-20,194,118,84,69,15129961,0.5858,0.0513,3709,29611,7.98,1799,0.0312,129,0.3557,2024-11-18,Nov 2024
2024-11-21,187,116,70,55,14967417,0.5992,0.0555,4209,25846,6.14,1610,0.0319,118,0.2941,2024-11-18,Nov 2024
2024-11-22,287,155,109,86,23093949,0.5972,0.0488,4702,29508,6.28,2099,0.0314,97,0.2997,2024-11-18,Nov 2024
2024-11-23,102,67,41,32,6664244,0.6374,0.0488,3992,25460,6.38,827,0.029,103,0.3137,2024-11-18,Nov 2024
2024-11-24,99,66,42,36,7367848,0.6851,0.0594,3772,30738,8.15,583,0.0306,93,0.3636,2024-11-18,Nov 2024
2024-11-25,261,161,112,92,21411191,0.7001,0.0484,3840,27650,7.2,1642,0.0337,130,0.3525,2024-11-25,Nov 2024
2024-11-26,233,148,91,72,14051541,0.6523,0.0593,3686,28423,7.71,1770,0.0332,95,0.309,2024-11-25,Nov 2024
2024-11-27,199,133,93,78,17792839,0.6483,0.0581,3792,31281,8.25,1654,0.0328,104,0.392,2024-11-25,Nov 2024
2024-11-28,237,151,106,90,21706496,0.5792,0.045,3937,26074,6.62,1917,0.0299,124,0.3797,2024-11-25,Nov 2024
2024-11-29,207,116,77,61,15548716,0.617,0.0513,3574,25872,7.24,1696,0.032,84,0.2947,2024-11-25,Nov 2024
2024-11-30,106,65,39,31,6738524,0.6097,0.0625,4071,27518,6.76,861,0.027,133,0.2925,2024-11-25,Nov 2024
2024-12-01,76,47,29,22,4723140,0.6148,0.0501,4381,27404,6.26,689,0.0329,64,0.2895,2024-11-25,Dec 2024
2024-12-02,178,106,72,56,11088028,0.6284,0.0532,3747,22305,5.95,1647,0.0361,122,0.3146,2024-12-02,Dec 2024
2024-12-03,195,125,90,76,15140601,0.6193,0.0588,4596,19696,4.29,1788,0.0288,80,0.3897,2024-12-02,Dec 2024
2024-12-04,223,149,101,79,16914016,0.5741,0.0607,4243,24474,5.77,1803,0.031,83,0.3543,2024-12-02,Dec 2024
2024-12-05,187,125,79,65,14944500,0.656,0.0545,4425,26496,5.99,1527,0.0333,60,0.3476,2024-12-02,Dec 2024
2024-12-06,179,107,73,62,15220402,0.6014,0.0524,3833,27810,7.26,1490,0.0357,80,0.3464,2024-12-02,Dec 2024
2024-12-07,82,45,30,23,4595074,0.6408,0.0645,4362,24500,5.62,619,0.0314,70,0.2805,2024-12-02,Dec 2024
2024-12-08,82,55,38,31,8157861,0.6959,0.0664,3681,24620,6.69,670,0.0308,77,0.378,2024-12-02,Dec 2024
2024-12-09,190,124,76,60,12777451,0.6061,0.0619,4374,27767,6.35,1642,0.0277,84,0.3158,2024-12-09,Dec 2024
2024-12-10,191,106,74,65,14263380,0.5579,0.0565,4122,21736,5.27,1384,0.0328,106,0.3403,2024-12-09,Dec 2024
2024-12-11,217,145,97,79,15889439,0.6252,0.0512,4255,24715,5.81,1497,0.0377,92,0.3641,2024-12-09,Dec 2024
2024-12-12,160,105,76,65,10690448,0.6669,0.051,3650,25889,7.09,1611,0.0333,93,0.4062,2024-12-09,Dec 2024
2024-12-13,162,99,63,52,12720329,0.6926,0.0591,3747,26423,7.05,1612,0.0326,70,0.321,2024-12-09,Dec 2024
2024-12-14,69,42,28,21,5047110,0.597,0.0585,4269,24522,5.74,752,0.0334,73,0.3043,2024-12-09,Dec 2024
2024-12-15,76,45,32,26,5530119,0.6489,0.0644,3728,25627,6.87,538,0.0326,125,0.3421,2024-12-09,Dec 2024
2024-12-16,221,121,74,65,14415419,0.62,0.0599,4222,20598,4.88,1711,0.0306,75,0.2941,2024-12-16,Dec 2024
2024-12-17,273,160,115,96,22468923,0.6309,0.047,3581,24275,6.78,1890,0.0347,122,0.3516,2024-12-16,Dec 2024
2024-12-18,244,159,109,94,17144227,0.7134,0.0623,4356,26515,6.09,2045,0.0333,83,0.3852,2024-12-16,Dec 2024
2024-12-19,203,109,66,57,11768626,0.589,0.05,3627,23659,6.52,1566,0.0328,87,0.2808,2024-12-16,Dec 2024
2024-12-20,209,122,77,60,14520022,0.6418,0.0537,4251,25758,6.06,1713,0.0303,107,0.2871,2024-12-16,Dec 2024
2024-12-21,66,39,26,20,3785166,0.6482,0.0575,4276,26551,6.21,656,0.036,113,0.303,2024-12-16,Dec 2024
2024-12-22,79,48,29,24,5469313,0.6668,0.068,3813,24988,6.55,633,0.0344,86,0.3038,2024-12-16,Dec 2024
2024-12-23,199,133,89,72,13460353,0.6372,0.0747,4260,26031,6.11,1618,0.0314,80,0.3618,2024-12-23,Dec 2024
2024-12-24,222,130,83,72,16751871,0.6436,0.0596,4147,23781,5.73,1708,0.0353,87,0.3243,2024-12-23,Dec 2024
2024-12-25,181,106,72,63,13800847,0.6226,0.0549,3867,25310,6.55,1270,0.0315,93,0.3481,2024-12-23,Dec 2024
2024-12-26,231,148,89,71,12867906,0.6425,0.0592,3703,26960,7.28,1753,0.0308,104,0.3074,2024-12-23,Dec 2024
2024-12-27,277,167,119,94,23782161,0.6241,0.0613,3368,26070,7.74,1659,0.0309,87,0.3394,2024-12-23,Dec 2024
2024-12-28,78,44,31,26,5237361,0.6531,0.0541,4177,24599,5.89,609,0.0284,98,0.3333,2024-12-23,Dec 2024
2024-12-29,86,51,37,29,5788874,0.6234,0.0668,3507,26237,7.48,765,0.034,121,0.3372,2024-12-23,Dec 2024
2024-12-30,239,133,92,79,17803381,0.6459,0.0574,4087,27235,6.66,1535,0.0283,93,0.3305,2024-12-30,Dec 2024
2024-12-31,196,110,67,54,13635719,0.6337,0.059,3961,21722,5.48,1578,0.0298,92,0.2755,2024-12-30,Dec 2024
